method,time_sec,att,ate,att_aipw,memory_mb,code_lines,n,true_att
Statelix Full Suite,2.5284346000007645,0.5084020314345107,0.4953978388315635,0.5211972373936822,41.396812438964844,8,10000,0.5119284444758431
sklearn Manual,0.06278939999901922,0.5084020314345107,0.4953978388315635,0.5211972373936822,2.082810401916504,85,10000,0.5119284444758431
Statelix Full Suite,1.9387697000020125,0.5068026189540634,0.4925298729326027,0.5101188057841929,10.632059097290039,8,50000,0.5108280054157633
sklearn Manual,0.31693100000120467,0.5068026189540634,0.4925298729326027,0.5101188057841929,10.254887580871582,85,50000,0.5108280054157633
Statelix Full Suite,3.8201535000007425,0.5124649573818462,0.4976292475325923,0.5113017291554929,21.07951545715332,8,100000,0.510612123604211
sklearn Manual,0.6920960999996169,0.5124649573818462,0.4976292475325923,0.5113017291554929,20.48136043548584,85,100000,0.510612123604211
